T,bin,n,mean conf,acc,gap (conf-acc)
0.5,"(4/15, 5/15]",2,0.30349924900260183,0.0,0.30349924900260183
0.5,"(5/15, 6/15]",6,0.38585490155498664,0.3333333333333333,0.052521568221653325
0.5,"(6/15, 7/15]",14,0.438113704794164,0.35714285714285715,0.08097084765130685
0.5,"(7/15, 8/15]",41,0.5130532280395094,0.4634146341463415,0.04963859389316788
0.5,"(8/15, 9/15]",52,0.5681302108664257,0.46153846153846156,0.10659174932796411
0.5,"(9/15, 10/15]",57,0.6302927025935359,0.5087719298245614,0.12152077276897444
0.5,"(10/15, 11/15]",66,0.7000287207202464,0.5909090909090909,0.10911962981115542
0.5,"(11/15, 12/15]",86,0.767280099393855,0.5348837209302325,0.2323963784636225
0.5,"(12/15, 13/15]",69,0.8339003208949026,0.5217391304347826,0.31216119046012003
0.5,"(13/15, 14/15]",146,0.9043892194479335,0.5273972602739726,0.3769919591739609
0.5,"(14/15, 15/15]",9461,0.9985324257815711,0.9544445618856358,0.04408786389593533
1.0,"(3/15, 4/15]",5,0.25289695824373143,0.4,-0.1471030417562686
1.0,"(4/15, 5/15]",15,0.30850891532661673,0.4,-0.0914910846733833
1.0,"(5/15, 6/15]",35,0.3706575262859243,0.34285714285714286,0.02780038342878144
1.0,"(6/15, 7/15]",64,0.43704923765521403,0.484375,-0.04732576234478597
1.0,"(7/15, 8/15]",117,0.5028403772795855,0.5641025641025641,-0.06126218682297857
1.0,"(8/15, 9/15]",112,0.568118567537004,0.4732142857142857,0.09490428182271826
1.0,"(9/15, 10/15]",105,0.6352460598548761,0.5714285714285714,0.06381748842630475
1.0,"(10/15, 11/15]",124,0.701862181191489,0.5725806451612904,0.12928153603019865
1.0,"(11/15, 12/15]",170,0.7699602146310706,0.5705882352941176,0.19937197933695294
1.0,"(12/15, 13/15]",221,0.835592454502459,0.7058823529411765,0.1297101015612825
1.0,"(13/15, 14/15]",395,0.9055203618094161,0.7924050632911392,0.11311529851827684
1.0,"(14/15, 15/15]",8637,0.9828086359574391,0.9771911543359963,0.00561748162144271
2.0,"(2/15, 3/15]",8,0.18135978347323464,0.375,-0.19364021652676536
2.0,"(3/15, 4/15]",81,0.23855887691542957,0.43209876543209874,-0.19353988851666917
2.0,"(4/15, 5/15]",172,0.3019988211552472,0.5232558139534884,-0.22125699279824124
2.0,"(5/15, 6/15]",258,0.36661128456771475,0.5348837209302325,-0.16827243636251776
2.0,"(6/15, 7/15]",273,0.4329742377750833,0.6373626373626373,-0.204388399587554
2.0,"(7/15, 8/15]",302,0.5006333546448467,0.695364238410596,-0.19473088376574932
2.0,"(8/15, 9/15]",365,0.568460020201345,0.810958904109589,-0.24249888390824403
2.0,"(9/15, 10/15]",634,0.6382425589196555,0.886435331230284,-0.24819277231062842
2.0,"(10/15, 11/15]",3679,0.710711773458218,0.9812449035063876,-0.2705331300481696
2.0,"(11/15, 12/15]",3993,0.7590461900361694,0.9902329075882795,-0.23118671755211018
2.0,"(12/15, 13/15]",235,0.8120674041945738,1.0,-0.1879325958054262
