T vs T=1,metric,diff (pp),CI lo,CI hi,CI excludes 0
0.5,signed gap,3.596560355320877,3.4921283353796593,3.7068971592863544,True
2.0,signed gap,-25.995410571689348,-26.085849428707803,-25.902709313134416,True
0.5,ECE,3.3504722327761574,3.044330032617489,3.5728233005247483,True
2.0,ECE,22.193571764727228,21.37315130647942,22.92942291235668,True
0.5,ACE,2.961069435781502,2.5792491768020223,3.155638914299743,True
2.0,ACE,21.805560585776412,20.89136939212308,22.569946105831352,True
0.5,Risk@80%,-0.07500000000000284,-0.15000000000000568,0.012500000000004174,False
2.0,Risk@80%,0.024999999999997247,-0.02500000000000835,0.08750000000000702,False
0.5,Risk@60%,-0.11666666666666492,-0.23333333333332984,-0.016666666666675656,True
2.0,Risk@60%,0.06666666666667043,0.01666666666666483,0.15000000000000568,True
0.5,AUROC (x100),0.5549206473242196,0.3278865535253703,0.8012210851519788,True
2.0,AUROC (x100),-0.44415668139746733,-0.6079769902663388,-0.2868776165396683,True
