condition,Risk@80% %,Risk@60% %,E-AURC %,AUROC,spearman vs T=1
oracle,0.0,0.0,0.0,1.0,0.3482538344759886
T = 0.5,1.3624999999999998,0.7000000000000006,0.978070653063407,0.9014020851347595,0.9936666505686665
T = 1.0,1.4375000000000027,0.8166666666666655,1.052270487104332,0.8958528786615173,1.0
T = 2.0,1.4625,0.883333333333336,1.1134883370494115,0.8914113118475426,0.9981669362976694
noise sigma=0.003,1.4087500000000008,0.8899999999999997,1.0988319261485664,0.8935618134715588,0.9179873377252734
noise sigma=0.01,1.5612499999999996,1.1624999999999996,1.286333778151251,0.8807909328592686,0.6998876302186763
noise sigma=0.03,2.1531249999999993,1.7800000000000002,1.7440217261280109,0.8476602507600681,0.5017419899606199
noise sigma=0.1,3.2993750000000004,2.7441666666666658,2.5844220407520844,0.7840169488713595,0.3290346295823463
noise sigma=0.3,5.097500000000001,4.423333333333332,4.105501817174406,0.6625055835488843,0.1743292908350929
random,6.963749999999999,7.007500000000001,6.725811148677028,0.4973743482500332,0.000581099470610995
