condition,sigma,Risk@80%,Risk@60%,E-AURC,AUROC,spearman vs T=1
oracle,0.0,0.0,0.0,0.0,1.0,0.3482538344759886
T = 0.5,0.0,0.013624999999999998,0.007000000000000006,0.00978070653063407,0.9014020851347595,0.9936666505686665
T = 1.0,0.0,0.014375000000000027,0.008166666666666655,0.01052270487104332,0.8958528786615173,1.0
T = 2.0,0.0,0.014624999999999999,0.00883333333333336,0.011134883370494114,0.8914113118475426,0.9981669362976694
noise sigma=0.003,0.003,0.01375000000000004,0.009000000000000008,0.010912393722785189,0.8936850430349946,0.918563686289637
noise sigma=0.003,0.003,0.014000000000000012,0.009499999999999953,0.011278045057795791,0.8928998964456147,0.9200029173920292
noise sigma=0.003,0.003,0.01387499999999997,0.008333333333333304,0.01073516517688731,0.8949235404591588,0.9187425378554255
noise sigma=0.003,0.003,0.01375000000000004,0.009166666666666656,0.010620399703360523,0.8953934810816727,0.9166855601988557
noise sigma=0.003,0.003,0.014375000000000027,0.009000000000000008,0.011103227099290016,0.8943033614786059,0.9184542480525424
noise sigma=0.003,0.003,0.014249999999999985,0.009166666666666656,0.010959160816821826,0.8932937100982659,0.9202961456749615
noise sigma=0.003,0.003,0.014375000000000027,0.009499999999999953,0.010705994194908867,0.8937298509663396,0.9160314918643149
noise sigma=0.003,0.003,0.014249999999999985,0.008499999999999952,0.010889954933571632,0.8924296457336105,0.9167590650955906
noise sigma=0.003,0.003,0.014375000000000027,0.010166666666666657,0.011769423755785201,0.890098237900967,0.9165057541890577
noise sigma=0.003,0.003,0.01375000000000004,0.008000000000000007,0.01118727998211777,0.8945886438096603,0.9194044011260439
noise sigma=0.003,0.003,0.014249999999999985,0.009000000000000008,0.010832745748226461,0.8934774381212546,0.9168427142284271
noise sigma=0.003,0.003,0.014000000000000012,0.009166666666666656,0.01184951956791027,0.8902326616950018,0.9175067101750671
noise sigma=0.003,0.003,0.01387499999999997,0.008333333333333304,0.009744011297351859,0.8977613244294237,0.9191192384871923
noise sigma=0.003,0.003,0.014624999999999999,0.00883333333333336,0.011096019290964333,0.8940625769894063,0.9178958695909587
noise sigma=0.003,0.003,0.014125000000000054,0.008666666666666711,0.011451440350910898,0.8925197267305358,0.9171332522793325
noise sigma=0.003,0.003,0.014000000000000012,0.009166666666666656,0.010936120280453319,0.8929309053946424,0.9183630006276301
noise sigma=0.003,0.003,0.014000000000000012,0.008666666666666711,0.010385905580521665,0.8958415603951222,0.9171813707318137
noise sigma=0.003,0.003,0.01387499999999997,0.007833333333333359,0.011178683327162023,0.8939590070996539,0.9185419484214195
noise sigma=0.003,0.003,0.014000000000000012,0.009000000000000008,0.011237528751930879,0.891130215724607,0.9166539629865397
noise sigma=0.003,0.003,0.014249999999999985,0.009000000000000008,0.010893366590957448,0.8939754418426386,0.9190628792386287
noise sigma=0.01,0.01,0.015874999999999972,0.011333333333333306,0.011881650708255857,0.8847575666099358,0.7000011562120115
noise sigma=0.01,0.01,0.015625,0.01200000000000001,0.011856017689553276,0.8830392056995688,0.6926334197903342
noise sigma=0.01,0.01,0.015750000000000042,0.011833333333333362,0.013244930816467751,0.8795065111815944,0.6998267189062671
noise sigma=0.01,0.01,0.014874999999999972,0.010833333333333361,0.012348496879029286,0.8846391124246502,0.6910433981864339
noise sigma=0.01,0.01,0.01637500000000003,0.011666666666666714,0.013633842351150892,0.8808625325225734,0.6990341425383414
noise sigma=0.01,0.01,0.015499999999999958,0.012666666666666715,0.014847777657258634,0.8718099349881879,0.7027001690350018
noise sigma=0.01,0.01,0.015499999999999958,0.012499999999999956,0.012224801862412083,0.8823715830270037,0.6985095367930954
noise sigma=0.01,0.01,0.015375000000000028,0.012499999999999956,0.012959930160575306,0.881605817030766,0.6988039085200392
noise sigma=0.01,0.01,0.01475000000000004,0.01200000000000001,0.012909300944685101,0.8803195658250993,0.7037814446938144
noise sigma=0.01,0.01,0.015499999999999958,0.010666666666666713,0.011849262673027617,0.8854658110057272,0.7022895083668951
noise sigma=0.01,0.01,0.01475000000000004,0.010166666666666657,0.01303744166456533,0.8826781064881419,0.7091952247919523
noise sigma=0.01,0.01,0.015499999999999958,0.011499999999999955,0.013074142615073376,0.8785016661883537,0.695981207831812
noise sigma=0.01,0.01,0.015249999999999986,0.012499999999999956,0.012299978799625723,0.8799302484700572,0.7010811380308114
noise sigma=0.01,0.01,0.01637500000000003,0.01200000000000001,0.012291517471611045,0.8808853241001087,0.6975299144072992
noise sigma=0.01,0.01,0.016124999999999945,0.010499999999999954,0.011929692686699028,0.8833359613417634,0.7067204545792045
noise sigma=0.01,0.01,0.015874999999999972,0.011499999999999955,0.013305642537553465,0.8791057205154121,0.6975915268479154
noise sigma=0.01,0.01,0.015625,0.012333333333333307,0.012842462739624992,0.8803591022351095,0.7019344486553445
noise sigma=0.01,0.01,0.016874999999999973,0.011333333333333306,0.014215146839887489,0.8768583469346336,0.6954230533622305
noise sigma=0.01,0.01,0.015375000000000028,0.012666666666666715,0.013790469511252677,0.8772563467954034,0.7016714865087149
noise sigma=0.01,0.01,0.015375000000000028,0.010000000000000009,0.012724249021941294,0.8825301938012801,0.7020007463160074
noise sigma=0.03,0.03,0.02200000000000002,0.019499999999999962,0.01876953689285249,0.8399854506011162,0.500113099941131
noise sigma=0.03,0.03,0.02112499999999995,0.018000000000000016,0.01734366860870078,0.8478699410256303,0.5091607990476079
noise sigma=0.03,0.03,0.021375000000000033,0.017166666666666663,0.017006820282412582,0.8487202064079683,0.5014737835067379
noise sigma=0.03,0.03,0.02200000000000002,0.017833333333333368,0.018232461558681457,0.8449467274007942,0.48433993723939944
noise sigma=0.03,0.03,0.02112499999999995,0.01849999999999996,0.018188190212261538,0.8432223197453669,0.48959359309193595
noise sigma=0.03,0.03,0.020000000000000018,0.015499999999999958,0.016574024688189557,0.8573675169785624,0.508938291589383
noise sigma=0.03,0.03,0.022625000000000006,0.018000000000000016,0.01826334280594353,0.8421917373244332,0.5025837886178379
noise sigma=0.03,0.03,0.02124999999999999,0.017833333333333368,0.017357989836771965,0.8506171788647344,0.4917262778972628
noise sigma=0.03,0.03,0.021625000000000005,0.019166666666666665,0.01759132444166365,0.8447771084496131,0.5086832208108322
noise sigma=0.03,0.03,0.021499999999999964,0.016833333333333367,0.015214108628676682,0.8540397916136607,0.4963092138070921
noise sigma=0.03,0.03,0.020750000000000046,0.017000000000000015,0.016446554551593964,0.8513813944135208,0.5095889289918892
noise sigma=0.03,0.03,0.020874999999999977,0.01666666666666672,0.014855458980115302,0.8586939247732199,0.50929499826495
noise sigma=0.03,0.03,0.02287499999999998,0.017833333333333368,0.018408632679841427,0.8450053343144565,0.5000063705000637
noise sigma=0.03,0.03,0.02212499999999995,0.019499999999999962,0.019801893252177474,0.8375411701940121,0.5032617947566179
noise sigma=0.03,0.03,0.021625000000000005,0.01733333333333331,0.017569314808408378,0.8487439282539745,0.5070080094300801
noise sigma=0.03,0.03,0.022625000000000006,0.019499999999999962,0.01957035135077687,0.8372687565768043,0.4990068248620682
noise sigma=0.03,0.03,0.021625000000000005,0.017833333333333368,0.017015126593619687,0.8498309469621386,0.49414629843346297
noise sigma=0.03,0.03,0.02112499999999995,0.018333333333333313,0.016270293577333478,0.8512984454748718,0.5107609632196096
noise sigma=0.03,0.03,0.020874999999999977,0.016833333333333367,0.01611742812614027,0.8534225584832654,0.5111374511273745
noise sigma=0.03,0.03,0.021499999999999964,0.016833333333333367,0.018207823349441113,0.8462805773432184,0.49770615407706154
noise sigma=0.1,0.1,0.03325,0.029166666666666674,0.026889437231425888,0.7798370820827036,0.33246716305267165
noise sigma=0.1,0.1,0.031625000000000014,0.028000000000000025,0.025233893527337296,0.7822208950392039,0.3355331917633319
noise sigma=0.1,0.1,0.03212499999999996,0.027833333333333377,0.025123640370341684,0.7855697064894444,0.32694613283346136
noise sigma=0.1,0.1,0.033375000000000044,0.026499999999999968,0.02673088048788419,0.7812954329554738,0.3263489316114893
noise sigma=0.1,0.1,0.03312499999999996,0.028666666666666618,0.027761468256155133,0.7781501952555998,0.32783577707035777
noise sigma=0.1,0.1,0.032749999999999946,0.027166666666666672,0.024870497795558593,0.7896537401211302,0.3393612858096129
noise sigma=0.1,0.1,0.03312499999999996,0.02833333333333332,0.02714610051209653,0.7783689633909898,0.3302840700868407
noise sigma=0.1,0.1,0.034375000000000044,0.027000000000000024,0.02744885869380356,0.7766019184306495,0.33183860046638597
noise sigma=0.1,0.1,0.03287499999999999,0.026000000000000023,0.025022946799544785,0.7889887532092325,0.32613443337334436
noise sigma=0.1,0.1,0.03200000000000003,0.027666666666666617,0.025754574621583787,0.7837736681617632,0.31711065650710657
noise sigma=0.1,0.1,0.03387499999999999,0.028833333333333377,0.0281113007870571,0.7752655877723031,0.33020712368607125
noise sigma=0.1,0.1,0.03387499999999999,0.02833333333333332,0.026209286856844278,0.7806312212673017,0.328731601739316
noise sigma=0.1,0.1,0.03412499999999996,0.028833333333333377,0.029007570660556176,0.7714542778473154,0.3330070606980706
noise sigma=0.1,0.1,0.03325,0.025666666666666615,0.023732166901254174,0.7916564530940807,0.3288219179762192
noise sigma=0.1,0.1,0.03225,0.025666666666666615,0.024514656398365333,0.7935579218484559,0.3271221093432211
noise sigma=0.1,0.1,0.032625000000000015,0.026499999999999968,0.02348598421638635,0.7939797985999769,0.3269876462818765
noise sigma=0.1,0.1,0.033375000000000044,0.026666666666666616,0.023570531347513593,0.7897836676175561,0.3243145234951452
noise sigma=0.1,0.1,0.03237500000000004,0.025833333333333375,0.02506675416371428,0.788619281581568,0.33115496758754964
noise sigma=0.1,0.1,0.03237500000000004,0.02849999999999997,0.02675529455029121,0.7817720405020286,0.3304313699923137
noise sigma=0.1,0.1,0.03312499999999996,0.027666666666666617,0.024448563972702994,0.7891583721604136,0.32605402827254026
noise sigma=0.3,0.3,0.051000000000000045,0.04716666666666669,0.04144418925435027,0.6555282521759367,0.18517511345175114
noise sigma=0.3,0.3,0.05062500000000003,0.04533333333333334,0.03984202754260441,0.6647619419726436,0.17385521404655213
noise sigma=0.3,0.3,0.051875000000000004,0.04533333333333334,0.04117321498882978,0.6562349461242767,0.17428425504284256
noise sigma=0.3,0.3,0.05137499999999995,0.04349999999999998,0.03996352593645629,0.6652165331653889,0.16848798727687989
noise sigma=0.3,0.3,0.050124999999999975,0.04183333333333328,0.03895046031769472,0.6740722238734488,0.17285467154454673
noise sigma=0.3,0.3,0.049124999999999974,0.041000000000000036,0.03800234229265463,0.6776122054944447,0.16749845207498454
noise sigma=0.3,0.3,0.05062500000000003,0.040166666666666684,0.039861480514046956,0.6682892099245382,0.1779664593396646
noise sigma=0.3,0.3,0.052749999999999964,0.04633333333333334,0.04213738253684009,0.6480284277641106,0.16669751447897513
noise sigma=0.3,0.3,0.05062500000000003,0.04266666666666663,0.03911722827077243,0.6709517933327969,0.17758806195588062
noise sigma=0.3,0.3,0.051124999999999976,0.04383333333333328,0.0390306002555602,0.6687230251214349,0.17580761703007616
noise sigma=0.3,0.3,0.051000000000000045,0.04283333333333328,0.041872745693808874,0.6643003737663671,0.1722812193068122
noise sigma=0.3,0.3,0.051124999999999976,0.04516666666666669,0.04414289690767844,0.657995169115831,0.1766803595428036
noise sigma=0.3,0.3,0.050875000000000004,0.04600000000000004,0.042354317159080744,0.6569452061017549,0.17509317521893175
noise sigma=0.3,0.3,0.050000000000000044,0.04466666666666663,0.041611702640906724,0.6649467553088484,0.1634081526740815
noise sigma=0.3,0.3,0.05025000000000002,0.04483333333333328,0.04288232763755552,0.6581345543417102,0.16947799281877993
noise sigma=0.3,0.3,0.05037499999999995,0.04249999999999998,0.04069901041419369,0.6710217185128542,0.18602560821625608
noise sigma=0.3,0.3,0.05349999999999999,0.046666666666666634,0.044130289220461666,0.6429637361194254,0.16297765563377656
noise sigma=0.3,0.3,0.05062500000000003,0.04466666666666663,0.0408373457961536,0.6649757486761892,0.17425593348255933
noise sigma=0.3,0.3,0.05125000000000002,0.045499999999999985,0.04245669042862545,0.6562414580035726,0.1726450712504507
noise sigma=0.3,0.3,0.05125000000000002,0.04466666666666663,0.040590585626606605,0.663168392082113,0.19352530231525303
random,inf,0.06887500000000002,0.06799999999999995,0.06306122713109236,0.5106083940294749,0.004553545161535452
random,inf,0.07099999999999995,0.07316666666666671,0.0676626637011755,0.4899368983391762,-0.007907618755076189
random,inf,0.06874999999999998,0.07016666666666671,0.07072661784078882,0.4917335568458379,-0.006466474168664742
random,inf,0.0675,0.0658333333333333,0.06651589061684048,0.51561122282085,0.013963560259635603
random,inf,0.07174999999999998,0.07233333333333336,0.06977845335763734,0.4805652187192963,0.0010494977504949775
random,inf,0.0685,0.06916666666666671,0.06630475036555115,0.5034788164690389,0.005904810227048102
random,inf,0.07037499999999997,0.07099999999999995,0.06442204265016967,0.5003411759616767,-0.0022410094184100943
random,inf,0.06825000000000003,0.07050000000000001,0.06891216642906199,0.496490794760914,0.003076271406762714
random,inf,0.06799999999999995,0.06733333333333336,0.0650934708297033,0.506063412370493,0.008494844760948448
random,inf,0.06899999999999995,0.07133333333333336,0.06866556298456408,0.4938269709946942,-0.006529044101290441
random,inf,0.06825000000000003,0.06699999999999995,0.06203267906968884,0.5173661742910696,0.017898360874983612
random,inf,0.06987500000000002,0.07066666666666666,0.06832584530822366,0.4964441262926274,-0.005430403302304033
random,inf,0.07062500000000005,0.07016666666666671,0.07001629892314547,0.49461475334474153,0.014244269542442695
random,inf,0.06912499999999999,0.06916666666666671,0.06678601230564903,0.49905337430855856,-0.006459872224598722
random,inf,0.0695,0.0695,0.06812679747679176,0.49195589101036613,-0.0002207190502071905
random,inf,0.06899999999999995,0.06866666666666665,0.0656709523327398,0.5019761227991593,0.0009214965212149651
random,inf,0.07150000000000001,0.0708333333333333,0.06730415597212262,0.49554610712878683,-0.006854586248545863
random,inf,0.07150000000000001,0.07216666666666671,0.06723973728728173,0.4915574260153609,0.005395877585958776
random,inf,0.07137499999999997,0.07216666666666671,0.07005288132687246,0.48397806364927887,-0.012294566450945664
random,inf,0.06999999999999995,0.07233333333333336,0.0684640238263058,0.4863384648492632,-0.009476250958762509
