model,family,T,acc %,gap@T=1 %,gap %,spearman vs T=1,dECE (pp),dECE lo,dECE hi,dECE sig,dRisk@80% (pp),dRisk@80% lo,dRisk@80% hi,dRisk@80% sig,dRisk@60% (pp),dRisk@60% lo,dRisk@60% hi,dRisk@60% sig,dAUROC (x100) (pp),dAUROC (x100) lo,dAUROC (x100) hi,dAUROC (x100) sig
ResNet-18,ResNet,0.5,93.07,1.777875342208679,5.374435697529556,0.9936666505686665,3.3504722327761574,3.044330032617489,3.5728233005247483,True,-0.07500000000000284,-0.15000000000000568,0.012500000000004174,False,-0.11666666666666492,-0.23333333333332984,-0.016666666666675656,True,0.5549206473242196,0.3278865535253703,0.8012210851519788,True
ResNet-18,ResNet,2.0,93.07,1.777875342208679,-24.217535229480667,0.9981669362976694,22.193571764727228,21.37315130647942,22.92942291235668,True,0.024999999999997247,-0.02500000000000835,0.08750000000000702,False,0.06666666666667043,0.01666666666666483,0.15000000000000568,True,-0.44415668139746733,-0.6079769902663388,-0.2868776165396683,True
ResNet-34,ResNet,0.5,93.33,2.594823691829873,5.564090628525953,0.9888258159122582,2.964362095758887,2.706380930929018,3.0568459848570075,True,-0.08749999999999591,-0.16249999999999876,-0.012500000000004174,True,-0.04999999999999449,-0.10041666666666668,0.0,False,0.36383286980745666,0.20069539252229235,0.5383165446124809,True
ResNet-34,ResNet,2.0,93.33,2.594823691829873,-23.192222014277732,0.9976836820368369,20.572190631753518,19.686182043052344,21.328266391441876,True,0.04999999999999449,0.0,0.12499999999999734,False,0.06666666666667043,0.01666666666666483,0.13333333333334085,True,-0.33821083672243013,-0.4601836349411479,-0.22587181729646078,True
ResNet-50,ResNet,0.5,93.65,2.217859049037507,5.205769201236765,0.9831741159757412,2.9731700420354645,2.746851940677806,3.07100959699511,True,-0.08749999999999591,-0.187499999999996,0.0,False,-0.11666666666666492,-0.20000000000000018,-0.03333333333332966,True,0.4989090725645351,0.24477016162359838,0.7589866221847837,True
ResNet-50,ResNet,2.0,93.65,2.217859049037507,-23.364406299754236,0.996292505834925,21.157486769429855,20.328043425707083,21.862875911219234,True,0.11250000000000426,0.03750000000000142,0.17500000000000293,True,0.0,-0.0666666666666596,0.08333333333333526,False,-0.4454515262474201,-0.6172173686281421,-0.28733139351044157,True
VGG-11,VGG,0.5,92.39,1.2431604734739254,5.326231595662456,0.9948558906125589,3.8346772609752793,3.42933772214713,4.0771425598830975,True,-0.03750000000000142,-0.11250000000000426,0.08749999999999591,False,-0.06666666666667043,-0.14999999999999458,0.0,False,0.10436817359535944,-0.009267105642802585,0.22188834403459867,False
VGG-11,VGG,2.0,92.39,1.2431604734739254,-21.896686940127307,0.9940081768480817,20.39507893628507,19.505777237106443,21.069172665745594,True,0.07500000000000284,0.0,0.16281250000000913,False,0.01666666666666483,-0.050000000000005596,0.06666666666667043,False,-0.22610259684457956,-0.3391859160239341,-0.12254171944101445,True
VGG-13,VGG,0.5,94.21000000000001,0.5865528644090956,4.181357137162012,0.9917275373572754,3.119315341398189,2.578508607422091,3.4654463940502347,True,-0.012499999999993072,-0.10000000000000009,0.024999999999997247,False,-0.06666666666667043,-0.14999999999999458,0.0,False,0.08955482726185071,-0.019880463864762055,0.20073711372614872,False
VGG-13,VGG,2.0,94.21000000000001,0.5865528644090956,-23.14409622656247,0.9867689405196893,22.03476032612063,21.358845360267313,22.521021517969306,True,0.11250000000000426,0.012500000000003899,0.16249999999999876,True,0.01666666666666483,-0.03333333333332966,0.0666666666666596,False,-0.19148417006140672,-0.32372131653396446,-0.06565451103070609,True
VGG-16,VGG,0.5,94.0,1.4684533030931424,4.724345253229501,0.9796676714566768,3.229536393295296,2.9375627420736934,3.3284749249411725,True,-0.024999999999997247,-0.10000000000000009,0.037499999999990596,False,-0.016666666666675933,-0.08333333333333526,0.04999999999999449,False,0.08567375886524564,-0.07503064754679294,0.27114816004880443,False
VGG-16,VGG,2.0,94.0,1.4684533030931424,-22.774588002718865,0.9680862014968621,21.251840507333007,20.384204349588455,21.8866212987473,True,0.02500000000000835,-0.024999999999997247,0.10000000000000009,False,0.0,-0.10000000000000009,0.08333333333333526,False,-0.22163120567376682,-0.4500965827041678,-0.02697231462672482,True
VGG-19,VGG,0.5,93.95,2.062032044512685,4.950966349333264,0.9674842353628423,2.85272734703764,2.647326715162138,2.9698598906941744,True,-0.12499999999999734,-0.21250000000000435,-0.024999999999997247,True,0.01666666666666483,-0.050000000000005596,0.10000000000000009,False,0.14787186783896678,-0.08986046269753217,0.3982349668866277,False
VGG-19,VGG,2.0,93.95,2.062032044512685,-22.05948613273029,0.9565292215932922,19.93183012289787,19.080288090071196,20.7284193966998,True,0.06250000000000977,0.024999999999997247,0.1375000000000015,True,0.01666666666666483,-0.08333333333333526,0.13333333333332975,False,-0.23196794496809225,-0.5287742572253908,0.051134306879459204,False
DenseNet-121,DenseNet,0.5,94.06,0.5341469802634502,4.866064485595012,0.9933965693139657,2.8623102625081804,2.2337955501374624,3.430833358571047,True,-0.06249999999999867,-0.1375000000000015,0.02500000000000835,False,-0.10000000000000009,-0.18333333333333535,-0.016666666666675933,True,0.7216183380333918,0.41399419644584606,1.0480276015847227,True
DenseNet-121,DenseNet,2.0,94.06,0.5341469802634502,-30.484633058960497,0.998269808170698,28.467110812761415,27.860917033774136,28.926102440293405,True,0.03750000000000142,0.0,0.1375000000000015,False,0.11666666666666492,0.0,0.20000000000000018,False,-0.5126930227929538,-0.7225487375515505,-0.32703278091894383,True
DenseNet-161,DenseNet,0.5,94.07,0.8433725229416322,5.0032626353536,0.9952804285488043,2.959668043752005,2.3996496843777306,3.5911650033284754,True,-0.08749999999999591,-0.17500000000000293,-0.012500000000004174,True,-0.10000000000000009,-0.18333333333333535,-0.03333333333332966,True,0.7466364163890016,0.5372634880465221,0.9845906121171968,True
DenseNet-161,DenseNet,2.0,94.07,0.8433725229416322,-30.209749221430393,0.9990048312900484,28.10924718939456,27.55739011325435,28.649297089695125,True,0.02500000000000835,-0.024999999999997247,0.07500000000000284,False,0.10000000000000009,0.03333333333332966,0.18333333333333535,True,-0.4692784659839355,-0.6413085933414416,-0.3342682781195464,True
DenseNet-169,DenseNet,0.5,94.05,0.6823062923040912,4.975181599697043,0.9871533268395332,2.6552962564074583,2.073148387571688,3.164150562435509,True,-0.187499999999996,-0.2875000000000072,-0.07500000000000284,True,-0.11666666666667602,-0.20041666666666674,0.0,False,0.9326346168451405,0.6070652388847378,1.287477020916235,True
DenseNet-169,DenseNet,2.0,94.05,0.6823062923040912,-30.476073288517924,0.9967407040274071,28.110688870833773,27.50251543516881,28.669598943743235,True,0.012500000000004174,-0.012500000000004174,0.07531250000000239,False,0.14999999999999458,0.050000000000005596,0.2666666666666706,True,-0.8604756097016164,-1.2061100532780538,-0.5692434937593267,True
