model,family,T,acc,acc_lo,acc_hi,gap,gap_lo,gap_hi,ece,ece_lo,ece_hi,ace,ace_lo,ace_hi,risk80,risk80_lo,risk80_hi,risk60,risk60_lo,risk60_hi,auroc,auroc_lo,auroc_hi
ResNet-18,ResNet,0.5,93.07,92.55975,93.62,5.374435697529556,4.866940395338916,5.831683851654822,5.37443569752957,4.911737854131848,5.8519895457726525,5.372064264731797,4.864799830682739,5.829203221958652,1.3624999999999998,1.0750000000000037,1.6375000000000028,0.7000000000000006,0.5000000000000004,0.9166666666666656,90.14020851347595,88.7772168093396,91.36148247579455
ResNet-18,ResNet,1.0,93.07,92.55975,93.62,1.777875342208679,1.3230063219930022,2.216984023946068,2.023963464753413,1.6460698386689887,2.463314830869088,2.4109948289502956,2.0262887469076087,2.938329681915063,1.4375000000000027,1.1375000000000024,1.6874999999999973,0.8166666666666655,0.6000000000000005,1.050416666666662,89.58528786615173,88.13245386829193,90.90836358988246
ResNet-18,ResNet,2.0,93.07,92.55975,93.62,-24.217535229480667,-24.663131448718392,-23.780796238876963,24.217535229480642,23.780867305676836,24.666330177457873,24.216555414726706,23.78008122251647,24.662070986228517,1.4625,1.1746875000000037,1.7124999999999946,0.883333333333336,0.649999999999995,1.1333333333333306,89.14113118475426,87.61113915300646,90.53504629080477
ResNet-34,ResNet,0.5,93.33,92.86,93.82000000000001,5.564090628525953,5.115997005026862,6.026187164234522,5.591288726200446,5.168512511090975,6.087041606953338,5.56166933622911,5.113751669796575,6.023466285769147,1.3125000000000053,1.0750000000000037,1.5625,0.6833333333333358,0.4833333333333356,0.883333333333336,89.94866115640347,88.72499790463505,91.18695165907292
ResNet-34,ResNet,1.0,93.33,92.86,93.82000000000001,2.594823691829873,2.167589602103163,3.0343257277097297,2.626926630441559,2.2875702848896973,3.123893890835189,3.2597965588794535,2.9006126499345837,3.7374160270763928,1.4000000000000012,1.1499999999999955,1.6625,0.7333333333333303,0.5166666666666653,0.9499999999999953,89.58482828659602,88.2684329304338,90.87754926552098
ResNet-34,ResNet,2.0,93.33,92.86,93.82000000000001,-23.192222014277732,-23.60472706606892,-22.76226312226203,23.199117262195077,22.78972150180301,23.635486994756928,23.192178739807943,22.762371062826066,23.60453258282767,1.4499999999999957,1.200000000000001,1.7249999999999988,0.8000000000000007,0.5666666666666709,1.0166666666666657,89.24661744987358,87.93637294149822,90.57183818020265
ResNet-50,ResNet,0.5,93.65,93.18974999999999,94.13050000000001,5.205769201236765,4.76400886226429,5.637254183874317,5.205769201236717,4.799329470139434,5.66134233900949,5.203451928139623,4.762090759894322,5.635003170581289,1.100000000000001,0.8499999999999952,1.3378125000000023,0.6833333333333358,0.4666666666666708,0.9000000000000008,90.25794653404576,88.81233157366111,91.5185638912898
ResNet-50,ResNet,1.0,93.65,93.18974999999999,94.13050000000001,2.217859049037507,1.8105757022600337,2.622542616474817,2.232599159201253,1.9011449642807992,2.6926761049747854,2.9060347953087406,2.5662717528678503,3.3768700399266973,1.187499999999997,0.924999999999998,1.4499999999999957,0.8000000000000007,0.5666666666666709,1.0333333333333306,89.75903746148123,88.2336341551355,91.15076990166818
ResNet-50,ResNet,2.0,93.65,93.18974999999999,94.13050000000001,-23.364406299754236,-23.756254996506964,-22.97338734243175,23.39008592863111,22.996517745495314,23.78455481560476,23.364280448229565,22.973508642439473,23.756048101170844,1.3000000000000012,1.0249999999999981,1.5499999999999958,0.8000000000000007,0.5833333333333357,1.0499999999999954,89.3135859352338,87.75755809876998,90.79428456380505
VGG-11,VGG,0.5,92.39,91.87974999999999,92.93,5.326231595662456,4.861409181358069,5.801008495401396,5.336285264817548,4.900826522712089,5.852918326646786,5.323988615586232,4.8595068091135065,5.798638520196171,1.3624999999999998,1.0874999999999968,1.6625,0.43333333333333,0.28333333333333544,0.6000000000000005,91.98883951779003,91.16316160780141,92.82465700093282
VGG-11,VGG,1.0,92.39,91.87974999999999,92.93,1.2431604734739254,0.794172016629705,1.7002824328013606,1.5016080038422683,1.2186749946900313,1.9838618108474002,1.9194645298422015,1.6177300540871877,2.4008145062167388,1.4000000000000012,1.1371875000000022,1.6625,0.5000000000000004,0.33333333333332993,0.666666666666671,91.88447134419467,91.03430541291974,92.72864441336766
VGG-11,VGG,2.0,92.39,91.87974999999999,92.93,-21.896686940127307,-22.34583437988029,-21.426474918669083,21.89668694012734,21.44064600488597,22.348628230001584,21.894959359205554,21.424947708117468,22.343906837278897,1.475000000000004,1.199687500000001,1.737500000000003,0.5166666666666653,0.33333333333332993,0.6833333333333358,91.65836874735008,90.82432634781217,92.52803176550837
VGG-13,VGG,0.5,94.21000000000001,93.76,94.6805,4.181357137162012,3.7536366919333757,4.576890065965965,4.22865124183998,3.824021565577758,4.661782645551569,4.180121386395053,3.753010313235214,4.575743427648725,0.637500000000002,0.462499999999999,0.8125000000000049,0.216666666666665,0.10000000000000009,0.33333333333332993,93.21363235296005,92.29778165795868,94.13887757418726
VGG-13,VGG,1.0,94.21000000000001,93.76,94.6805,0.5865528644090956,0.1982154535833841,0.9687390067739862,1.1093359004417915,0.8771833477093623,1.5574607163793166,1.7379182593715528,1.4027153320401924,2.1683405485134823,0.649999999999995,0.48749999999999627,0.8624999999999994,0.28333333333333544,0.14999999999999458,0.4166666666666652,93.1240775256982,92.16497464049964,94.06037991903746
VGG-13,VGG,2.0,94.21000000000001,93.76,94.6805,-23.14409622656247,-23.520133930891284,-22.758908840623892,23.144096226562418,22.758908840623953,23.521534009664478,23.14274461175918,22.757726600811633,23.51867901250512,0.7624999999999993,0.5499999999999949,0.9499999999999953,0.30000000000000027,0.16666666666667052,0.43333333333333,92.9325933556368,91.93985631366886,93.90244111810982
VGG-16,VGG,0.5,94.0,93.51975,94.46,4.724345253229501,4.297818977355199,5.1603933995233175,4.7522838886811,4.360448276774101,5.212168588415645,4.72213305639119,4.296179959018818,5.158508133008238,0.7249999999999979,0.5371875000000018,0.924999999999998,0.44999999999999485,0.28333333333333544,0.6166666666666654,91.90675531914894,90.67448841354724,92.97252018490528
VGG-16,VGG,1.0,94.0,93.51975,94.46,1.4684533030931424,1.0876398736634152,1.9103755940530847,1.522747495385804,1.2720655327205475,2.0089663476780277,2.6982074286920597,2.295809248665871,3.1015069808765823,0.7499999999999951,0.5624999999999991,0.9624999999999995,0.4666666666666708,0.30000000000000027,0.649999999999995,91.82108156028369,90.52674093160725,92.9011984324408
VGG-16,VGG,2.0,94.0,93.51975,94.46,-22.774588002718865,-23.15939350553243,-22.363898497707215,22.774588002718808,22.379398977889704,23.178771443846998,22.77448950940059,22.36403786464757,23.159237316625187,0.7750000000000035,0.5996875000000005,0.9878124999999965,0.4666666666666708,0.30000000000000027,0.649999999999995,91.59945035460993,90.26295081675684,92.71083061832893
VGG-19,VGG,0.5,93.95,93.47,94.43025,4.950966349333264,4.488925417324785,5.379498837478352,4.980383356870139,4.5565756954511345,5.457464955649602,4.948925942748874,4.487179243719925,5.377628602850814,0.924999999999998,0.7249999999999979,1.1750000000000038,0.8000000000000007,0.5666666666666709,1.0333333333333306,89.69930374429866,88.07097855358921,91.22836662612843
VGG-19,VGG,1.0,93.95,93.47,94.43025,2.062032044512685,1.624148871011049,2.481739776711118,2.1276560098324993,1.7703498405389504,2.5879811482057558,2.8788535751713518,2.4893566690123317,3.3592510372191686,1.0499999999999954,0.8125000000000049,1.3000000000000012,0.7833333333333359,0.566250000000004,1.0000000000000009,89.5514318764597,87.90753469786705,91.12307830776919
VGG-19,VGG,2.0,93.95,93.47,94.43025,-22.05948613273029,-22.486851944478165,-21.63811986105562,22.05948613273037,21.655346541606562,22.495201571606334,22.05986193523887,21.638577175104107,22.48698488685749,1.1125000000000052,0.8871874999999968,1.387499999999997,0.8000000000000007,0.5833333333333357,1.0333333333333306,89.31946393149161,87.67004863704709,90.92631967514484
DenseNet-121,DenseNet,0.5,94.06,93.6295,94.50025,4.866064485595012,4.431853541645062,5.284346856873249,4.879832508707209,4.4946867442003295,5.331915181828479,4.864109597121125,4.4300612496786345,5.282170535019547,1.2624999999999997,1.0249999999999981,1.5000000000000013,1.0833333333333361,0.8166666666666655,1.3499999999999956,87.75273108145743,86.02885702586455,89.38793058145048
DenseNet-121,DenseNet,1.0,94.06,93.6295,94.50025,0.5341469802634502,0.1351693241275742,0.9289371360363752,2.017522246199029,1.6777657119787248,2.4742742342582473,2.8175186708436595,2.440519592448981,3.2210684019074587,1.3249999999999984,1.0750000000000037,1.5625,1.1833333333333362,0.9000000000000008,1.4666666666666717,87.03111274342403,85.2381357771812,88.81977666272313
DenseNet-121,DenseNet,2.0,94.06,93.6295,94.50025,-30.484633058960497,-30.886764783190046,-30.10771361696064,30.48463305896044,30.107925235169503,30.88886190141831,30.484483668396333,30.10774342718973,30.886326288743394,1.3624999999999998,1.1249999999999982,1.649999999999996,1.3000000000000012,0.9833333333333361,1.5833333333333366,86.51841972063107,84.69045907705464,88.41558820095354
DenseNet-161,DenseNet,0.5,94.07,93.60000000000001,94.53,5.0032626353536,4.558888949877339,5.450599600019106,5.060170075787906,4.650367569249152,5.534449712439548,5.001494291464117,4.557253389302652,5.448751778265462,1.4000000000000012,1.1375000000000024,1.6625,1.2833333333333363,1.0166666666666657,1.5666666666666718,86.02624682455442,84.01721039714849,87.97475681680686
DenseNet-161,DenseNet,1.0,94.07,93.60000000000001,94.53,0.8433725229416322,0.4261585609927371,1.2561982008887642,2.100502032035901,1.7275226852258807,2.5401056774719546,2.9041384589641392,2.5168858168539736,3.3249226827921454,1.4874999999999972,1.2249999999999983,1.749999999999996,1.3833333333333364,1.1166666666666658,1.7000000000000015,85.27961040816542,83.2413150973006,87.25412523317482
DenseNet-161,DenseNet,2.0,94.07,93.60000000000001,94.53,-30.209749221430393,-30.61943588266236,-29.798810163698704,30.20974922143046,29.805280960431773,30.62635974946719,30.209479304940906,29.79869587677606,30.619173686918018,1.5125000000000055,1.2496874999999958,1.775312500000004,1.4833333333333365,1.1833333333333362,1.8000000000000016,84.81033194218148,82.6709204317179,86.81453937279906
DenseNet-169,DenseNet,0.5,94.05,93.59975,94.52000000000001,4.975181599697043,4.534468467372268,5.401405515125876,5.020680674091603,4.607734915758375,5.444995400690573,4.97326189516927,4.5328148232413366,5.399321537622471,1.200000000000001,0.9621874999999993,1.4378125000000024,1.0499999999999954,0.8000000000000007,1.316666666666666,87.63218205942664,85.90764834750053,89.40691875759241
DenseNet-169,DenseNet,1.0,94.05,93.59975,94.52000000000001,0.6823062923040912,0.2764614006469815,1.0943543129781848,2.3653844176841443,2.0285599832918533,2.787709388622156,2.961876961374953,2.621576126586302,3.418202589131323,1.387499999999997,1.1249999999999982,1.6375000000000028,1.1666666666666714,0.9000000000000008,1.433333333333331,86.6995474425815,84.90140222811402,88.60264446621984
DenseNet-169,DenseNet,2.0,94.05,93.59975,94.52000000000001,-30.476073288517924,-30.87353007075943,-30.071435321265515,30.47607328851792,30.07275882573585,30.873591745696505,30.47597856351638,30.07160263807414,30.873214359178096,1.4000000000000012,1.1375000000000024,1.6750000000000043,1.316666666666666,1.0333333333333306,1.6166666666666663,85.83907183287988,83.93443883179158,87.86672585105171
