ranking score,Risk@80% %,Risk@60% %,E-AURC %,Spearman vs margin,Spearman vs z1-mean
margin z1 - z2,1.3000000000000012,0.649999999999995,0.9471970381789451,1.0,0.8991368273520657
"confidence, T = 0.1",1.3000000000000012,0.649999999999995,0.9419399004119039,0.9988891235418879,0.909525193139252
"confidence, T = 0.25",1.3000000000000012,0.6166666666666654,0.9410003818599908,0.9888463095334296,0.9409979013739791
"confidence, T = 0.5",1.3624999999999998,0.7000000000000006,0.978070653063407,0.9617598965664842,0.9763847850078479
"confidence, T = 1",1.4375000000000027,0.8166666666666655,1.052270487104332,0.932683698689635,0.9937625498536254
"confidence, T = 2",1.4625,0.883333333333336,1.1134883370494115,0.9153989009827352,0.9986227636462276
"confidence, T = 4",1.4625,0.9333333333333305,1.1483690340703376,0.9070024068307451,0.9996891960128919
"confidence, T = 10",1.4499999999999957,0.9499999999999953,1.168484786172873,0.9021989335146959,0.9999536271515362
z1 - mean(z),1.4874999999999972,1.0000000000000009,1.1813909840116137,0.8991368273520657,1.0
