Corruption,Severity,Accuracy,ECE,AdaptiveTopLabel,ACE_classwise,NLL,Risk@80,Risk@60,MeanConf,Gap,AUROC
gaussian_noise,1,0.8574,0.06050344004547184,0.06088260524025761,0.01630959527382686,0.5034187826409047,0.058125,0.019833333333333335,0.9179034400454719,0.06050344004547181,0.8729845048355526
gaussian_noise,2,0.7129,0.15551036895188441,0.15538875048875256,0.03847392221246325,1.089033260540017,0.2075,0.13016666666666668,0.8682887504887525,0.15538875048875256,0.8056624696913754
gaussian_noise,3,0.5286,0.28912242743817346,0.28912242743817346,0.06796177557348228,1.8392428799944618,0.409,0.3395,0.8177224274381736,0.2891224274381736,0.7443667689693848
gaussian_noise,4,0.44,0.36200846757151756,0.36200846757151756,0.08404902156286967,2.251522091766875,0.513375,0.45816666666666667,0.8020084675715177,0.36200846757151767,0.7066349025974026
gaussian_noise,5,0.3687,0.42513296369173803,0.4251329636917381,0.09633826355502434,2.611076913600302,0.599125,0.5553333333333333,0.7938329636917381,0.42513296369173803,0.6689044622770952
motion_blur,1,0.892,0.038174390131852996,0.03851845833565498,0.009754420537261433,0.37457793995696176,0.032,0.014333333333333333,0.9301743901318529,0.038174390131852864,0.8869719523334995
motion_blur,2,0.8372,0.07238453610158962,0.0713089410386743,0.017845790027043822,0.5828006762163439,0.077625,0.03216666666666667,0.9085089410386743,0.07130894103867425,0.854801631975545
motion_blur,3,0.7633,0.12014660742389821,0.11908184966600398,0.028735388713039618,0.8652804553960844,0.15475,0.0795,0.882381849666004,0.11908184966600399,0.8210056825833131
motion_blur,4,0.762,0.12286764487345159,0.12286764487345166,0.02911983908530317,0.8694134400893192,0.156375,0.07766666666666666,0.8848676448734517,0.1228676448734517,0.8220737113743135
motion_blur,5,0.6917,0.1678339692704222,0.16762186256689396,0.041012338831845935,1.1624632512248263,0.233875,0.15383333333333332,0.8593218625668938,0.16762186256689382,0.7838829537628198
brightness,1,0.9277,0.021419997645930364,0.02640316865452599,0.0036836193290081943,0.2582828848857894,0.014375,0.008166666666666666,0.9479829848068834,0.020282984806883397,0.8995349971694897
brightness,2,0.9233,0.023500065560196712,0.02912592751515742,0.004385736464844007,0.2750105260458301,0.01625,0.008833333333333334,0.9464219641791586,0.02312196417915857,0.8982221951728897
brightness,3,0.9159,0.027932407593810316,0.03203909374341753,0.005189025134395279,0.2991072100988345,0.019625,0.009666666666666667,0.9436730533411782,0.02777305334117819,0.896166535479225
brightness,4,0.9052,0.03420692176879896,0.036152548261414806,0.006276238598361034,0.3310464274259994,0.023375,0.011833333333333333,0.9392416350180256,0.034041635018025596,0.8942116668624412
brightness,5,0.8798,0.048563529529941155,0.04856085277331338,0.010213846059021928,0.43339956326231965,0.04425,0.018333333333333333,0.9281654856508791,0.04836548565087906,0.8740814827450952
contrast,1,0.9198,0.02749816877126273,0.032328860527600124,0.005695379256043096,0.2874855609496663,0.017,0.009166666666666667,0.9467913018008967,0.026991301800896705,0.8979634247714048
contrast,2,0.8666,0.055337286088057255,0.0555940384043738,0.013988992129900062,0.4782866328203877,0.055125,0.022166666666666668,0.9213018120830467,0.0547018120830467,0.8611119953524277
contrast,3,0.7916,0.10109496408949398,0.10032308905117221,0.02526244189684272,0.7461977803735508,0.120125,0.060333333333333336,0.8919230890511722,0.10032308905117227,0.8321071466327339
contrast,4,0.613,0.22875354709407364,0.22875354709407356,0.052409576348515494,1.4516470076870287,0.31675,0.234,0.8417535470940737,0.2287535470940737,0.7675299180967075
contrast,5,0.1977,0.6354380882950372,0.6354380882950371,0.1327317825154969,3.7992254492085324,0.795,0.7833333333333333,0.8331380882950372,0.6354380882950372,0.5696126796814747
pixelate,1,0.9192,0.025284861355352135,0.027998226967019296,0.004663117044333852,0.29435328244514386,0.0205,0.011166666666666667,0.944484861355352,0.025284861355352017,0.8883494256736378
pixelate,2,0.9042,0.030713630535268415,0.032901191033879826,0.007297462018889128,0.3389413826923254,0.025875,0.013,0.9348822958006747,0.03068229580067472,0.8851612909184188
pixelate,3,0.8906,0.038376999163568425,0.03982690991551918,0.009567503416712923,0.38721172225733436,0.034875,0.014666666666666666,0.9287943455031138,0.03819434550311385,0.8786449658447708
pixelate,4,0.8312,0.07559803334146004,0.0755980333414601,0.02018281630076074,0.6111022063009777,0.08325,0.035,0.9067980333414601,0.07559803334146009,0.8507106153839136
pixelate,5,0.6934,0.17602279672320986,0.1760227967232098,0.04404314734623409,1.188802727207512,0.226375,0.1445,0.8694227967232099,0.17602279672320986,0.7894437460947136
