Seed,Method,T,lambda,Accuracy,ECE,AdaptiveTopLabel,ACE_classwise,NLL,Risk@80,Risk@60
42,Baseline,1.0369207019722886,1.0,0.9278,0.023048902170518318,0.026978315823806494,0.004252297471785302,0.25980112707500996,0.016,0.009333333333333334
42,Temperature Scaling,1.0369207019722886,1.0,0.9278,0.01782531510630293,0.026231772158734745,0.004381151184191169,0.2589705211430394,0.016,0.009666666666666667
42,Dirichlet,1.0369207019722886,1.0,0.9276,0.01600939683925642,0.022641626873686326,0.003360874326278584,0.24841395106568592,0.01675,0.008333333333333333
1,Baseline,1.040333426167265,1.0,0.9352,0.018275260466111776,0.023446663252667074,0.003938350401714254,0.2458279919782579,0.01325,0.008333333333333333
1,Temperature Scaling,1.040333426167265,1.0,0.9352,0.013205348706985332,0.022809257637599847,0.004097364969518792,0.245088880795037,0.01325,0.008666666666666666
1,Dirichlet,1.040333426167265,1.0,0.935,0.011913691363753157,0.01665784166150594,0.0029273948205581117,0.23656708509822533,0.0155,0.008
2,Baseline,1.0524011175049748,1.0,0.9312,0.019576354591125045,0.026059079236722075,0.0038110211779441984,0.24592017185905116,0.013,0.007
2,Temperature Scaling,1.0524011175049748,1.0,0.9312,0.018230027502599274,0.0251549676302681,0.004104958571573847,0.24568309822226,0.013,0.007333333333333333
2,Dirichlet,1.0524011175049748,1.0,0.9298,0.017604685941798558,0.019790637018920074,0.0035373335222262077,0.23838167814251573,0.0145,0.006666666666666667
