T,metric,value,ci_low,ci_high
0.5,Accuracy,0.9307,0.9255975,0.9362
0.5,Signed gap,0.05374435697529556,0.04866940395338916,0.058316838516548224
0.5,ECE,0.053744356975295705,0.04911737854131848,0.058519895457726526
0.5,ACE,0.053720642647317976,0.04864799830682739,0.05829203221958652
0.5,Risk@80%,0.013624999999999998,0.010750000000000037,0.01637500000000003
0.5,Risk@60%,0.007000000000000006,0.0050000000000000044,0.009166666666666656
0.5,AUROC,0.9014020851347595,0.8877721680933961,0.9136148247579454
1.0,Accuracy,0.9307,0.9255975,0.9362
1.0,Signed gap,0.01777875342208679,0.013230063219930022,0.022169840239460677
1.0,ECE,0.02023963464753413,0.016460698386689888,0.024633148308690882
1.0,ACE,0.024109948289502955,0.020262887469076087,0.029383296819150632
1.0,Risk@80%,0.014375000000000027,0.011375000000000024,0.016874999999999973
1.0,Risk@60%,0.008166666666666655,0.006000000000000005,0.010504166666666618
1.0,AUROC,0.8958528786615173,0.8813245386829194,0.9090836358988246
2.0,Accuracy,0.9307,0.9255975,0.9362
2.0,Signed gap,-0.2421753522948067,-0.24663131448718392,-0.23780796238876964
2.0,ECE,0.2421753522948064,0.23780867305676837,0.24666330177457874
2.0,ACE,0.24216555414726706,0.2378008122251647,0.24662070986228518
2.0,Risk@80%,0.014624999999999999,0.011746875000000037,0.017124999999999946
2.0,Risk@60%,0.00883333333333336,0.00649999999999995,0.011333333333333306
2.0,AUROC,0.8914113118475426,0.8761113915300647,0.9053504629080478
