predicted_class,n,mean_conf,accuracy,gap
airplane,1016,0.9524740450707597,0.9261811023622047,0.02629294270855498
automobile,990,0.9649400580288164,0.9717171717171718,-0.0067771136883553185
bird,1002,0.9431245197790536,0.9111776447105788,0.03194687506847482
cat,992,0.902098253689908,0.8528225806451613,0.04927567304474678
deer,1007,0.9533352142047582,0.9374379344587885,0.01589727974596966
dog,1002,0.9261410458629483,0.8822355289421158,0.043905516920832555
frog,981,0.9573439186130557,0.9612640163098879,-0.003920097696832214
horse,986,0.9610991318487926,0.9685598377281948,-0.007460705879402174
ship,1018,0.9645239890560502,0.9459724950884086,0.018551493967641552
truck,1006,0.9594488795439428,0.9502982107355865,0.009150668808356244
