T vs T=1,metric,difference,ci_low,ci_high,ci_excludes_0
0.5,Signed gap,0.03596560355320877,0.034921283353796594,0.03706897159286354,True
0.5,ECE,0.033504722327761575,0.030443300326174892,0.03572823300524748,True
0.5,ACE,0.02961069435781502,0.025792491768020225,0.03155638914299743,True
0.5,Risk@80%,-0.0007500000000000284,-0.0015000000000000568,0.00012500000000004174,False
0.5,Risk@60%,-0.0011666666666666492,-0.0023333333333332984,-0.00016666666666675657,True
0.5,AUROC,0.005549206473242196,0.0032788655352537026,0.008012210851519787,True
2.0,Signed gap,-0.2599541057168935,-0.260858494287078,-0.25902709313134414,True
2.0,ECE,0.22193571764727227,0.2137315130647942,0.2292942291235668,True
2.0,ACE,0.21805560585776412,0.20891369392123083,0.22569946105831354,True
2.0,Risk@80%,0.00024999999999997247,-0.0002500000000000835,0.0008750000000000702,False
2.0,Risk@60%,0.0006666666666667043,0.0001666666666666483,0.0015000000000000568,True
2.0,AUROC,-0.004441566813974673,-0.006079769902663387,-0.0028687761653966833,True
