family,model,acc,acc_lo,acc_hi,ece,ece_lo,ece_hi,ace,ace_lo,ace_hi,gap,gap_lo,gap_hi
ResNet,ResNet-18,0.9307,0.9255975,0.9362,0.02023963464753413,0.016460698386689888,0.024633148308690882,0.024109948289502955,0.020262887469076087,0.029383296819150632,0.01777875342208679,0.013230063219930022,0.022169840239460677
ResNet,ResNet-34,0.9333,0.9286,0.9382,0.02626926630441559,0.022875702848896975,0.03123893890835189,0.032597965588794534,0.029006126499345836,0.03737416027076393,0.025948236918298728,0.021675896021031628,0.0303432572770973
ResNet,ResNet-50,0.9365,0.9318974999999999,0.9413050000000001,0.02232599159201253,0.01901144964280799,0.026926761049747856,0.029060347953087408,0.025662717528678502,0.03376870039926697,0.022178590490375072,0.01810575702260034,0.026225426164748173
VGG,VGG-11,0.9239,0.9187974999999999,0.9293,0.015016080038422683,0.012186749946900312,0.019838618108474003,0.019194645298422016,0.016177300540871877,0.024008145062167387,0.012431604734739254,0.00794172016629705,0.017002824328013606
VGG,VGG-13,0.9421,0.9376,0.946805,0.011093359004417916,0.008771833477093623,0.015574607163793166,0.017379182593715528,0.014027153320401924,0.021683405485134824,0.005865528644090956,0.001982154535833841,0.009687390067739861
VGG,VGG-16,0.94,0.9351975,0.9446,0.01522747495385804,0.012720655327205475,0.02008966347678028,0.026982074286920597,0.022958092486658713,0.03101506980876582,0.014684533030931424,0.010876398736634152,0.019103755940530848
VGG,VGG-19,0.9395,0.9347,0.9443025,0.02127656009832499,0.017703498405389505,0.02587981148205756,0.02878853575171352,0.024893566690123315,0.033592510372191686,0.02062032044512685,0.01624148871011049,0.024817397767111178
DenseNet,DenseNet-121,0.9406,0.936295,0.9450025,0.020175222461990293,0.016777657119787247,0.024742742342582474,0.028175186708436595,0.024405195924489812,0.032210684019074586,0.005341469802634502,0.0013516932412757422,0.009289371360363752
DenseNet,DenseNet-161,0.9407,0.936,0.9453,0.02100502032035901,0.017275226852258806,0.025401056774719544,0.02904138458964139,0.025168858168539737,0.03324922682792145,0.008433725229416322,0.004261585609927371,0.012561982008887642
DenseNet,DenseNet-169,0.9405,0.9359975,0.9452,0.02365384417684144,0.02028559983291853,0.027877093886221557,0.029618769613749533,0.02621576126586302,0.03418202589131323,0.006823062923040912,0.002764614006469815,0.010943543129781848
