condition,Risk@80%,Risk@60%,E-AURC,AUROC,Spearman vs T=1
oracle,0.0,0.0,0.0,1.0,
T = 0.5,0.013624999999999998,0.007000000000000006,0.00978070653063407,0.9014020851347595,0.9936666505686665
T = 1,0.014375000000000027,0.008166666666666655,0.01052270487104332,0.8958528786615173,1.0
T = 2,0.014624999999999999,0.00883333333333336,0.011134883370494114,0.8914113118475426,0.9981669362976694
T = 1 + noise sigma=0.003,0.014087500000000008,0.008899999999999996,0.010988319261485665,0.8935618134715588,0.9179873377252734
T = 1 + noise sigma=0.01,0.015612499999999996,0.011624999999999996,0.01286333778151251,0.8807909328592686,0.6998876302186763
T = 1 + noise sigma=0.03,0.02153124999999999,0.017800000000000003,0.01744021726128011,0.8476602507600681,0.5017419899606199
T = 1 + noise sigma=0.1,0.03299375,0.02744166666666666,0.025844220407520845,0.7840169488713595,0.3290346295823463
T = 1 + noise sigma=0.3,0.050975000000000006,0.04423333333333332,0.04105501817174405,0.6625055835488843,0.1743292908350929
random,0.06963749999999999,0.07007500000000001,0.06725811148677029,0.4973743482500332,0.000581099470610995
