model,T,accuracy,gap,gap_lo,gap_hi,d_gap,d_gap_lo,d_gap_hi,ece,ece_lo,ece_hi,d_ece,d_ece_lo,d_ece_hi,risk80,risk80_lo,risk80_hi,d_risk80,d_risk80_lo,d_risk80_hi,risk60,risk60_lo,risk60_hi,d_risk60,d_risk60_lo,d_risk60_hi,auroc,auroc_lo,auroc_hi,d_auroc,d_auroc_lo,d_auroc_hi,spearman_vs_T1
ResNet-18,0.5,0.9307,0.05374435697529556,0.04866940395338916,0.058316838516548224,0.03596560355320877,0.034921283353796594,0.03706897159286354,0.053744356975295705,0.04911737854131848,0.058519895457726526,0.033504722327761575,0.030443300326174892,0.03572823300524748,0.013624999999999998,0.010750000000000037,0.01637500000000003,-0.0007500000000000284,-0.0015000000000000568,0.00012500000000004174,0.007000000000000006,0.0050000000000000044,0.009166666666666656,-0.0011666666666666492,-0.0023333333333332984,-0.00016666666666675657,0.9014020851347595,0.8877721680933961,0.9136148247579454,0.005549206473242196,0.0032788655352537026,0.008012210851519787,0.9936666505686665
ResNet-18,1.0,0.9307,0.01777875342208679,0.013230063219930022,0.022169840239460677,,,,0.02023963464753413,0.016460698386689888,0.024633148308690882,,,,0.014375000000000027,0.011375000000000024,0.016874999999999973,,,,0.008166666666666655,0.006000000000000005,0.010504166666666618,,,,0.8958528786615173,0.8813245386829194,0.9090836358988246,,,,1.0
ResNet-18,2.0,0.9307,-0.2421753522948067,-0.24663131448718392,-0.23780796238876964,-0.2599541057168935,-0.260858494287078,-0.25902709313134414,0.2421753522948064,0.23780867305676837,0.24666330177457874,0.22193571764727227,0.2137315130647942,0.2292942291235668,0.014624999999999999,0.011746875000000037,0.017124999999999946,0.00024999999999997247,-0.0002500000000000835,0.0008750000000000702,0.00883333333333336,0.00649999999999995,0.011333333333333306,0.0006666666666667043,0.0001666666666666483,0.0015000000000000568,0.8914113118475426,0.8761113915300647,0.9053504629080478,-0.004441566813974673,-0.006079769902663387,-0.0028687761653966833,0.9981669362976694
ResNet-34,0.5,0.9333,0.05564090628525953,0.051159970050268615,0.06026187164234522,0.0296926693669608,0.028838725462833673,0.03052308463617489,0.05591288726200446,0.051685125110909745,0.06087041606953338,0.029643620957588872,0.02706380930929018,0.030568459848570075,0.013125000000000053,0.010750000000000037,0.015625,-0.0008749999999999591,-0.0016249999999999876,-0.00012500000000004174,0.006833333333333358,0.004833333333333356,0.00883333333333336,-0.0004999999999999449,-0.0010041666666666669,0.0,0.8994866115640348,0.8872499790463505,0.9118695165907291,0.0036383286980745666,0.0020069539252229236,0.0053831654461248095,0.9888258159122582
ResNet-34,1.0,0.9333,0.025948236918298728,0.021675896021031628,0.0303432572770973,,,,0.02626926630441559,0.022875702848896975,0.03123893890835189,,,,0.014000000000000012,0.011499999999999955,0.016625,,,,0.007333333333333303,0.005166666666666653,0.009499999999999953,,,,0.8958482828659602,0.882684329304338,0.9087754926552098,,,,1.0
ResNet-34,2.0,0.9333,-0.2319222201427773,-0.2360472706606892,-0.2276226312226203,-0.25787045706107603,-0.25860181079556316,-0.2571111651448193,0.23199117262195076,0.22789721501803012,0.23635486994756927,0.20572190631753517,0.19686182043052344,0.21328266391441875,0.014499999999999957,0.01200000000000001,0.017249999999999988,0.0004999999999999449,0.0,0.0012499999999999734,0.008000000000000007,0.005666666666666709,0.010166666666666657,0.0006666666666667043,0.0001666666666666483,0.0013333333333334085,0.8924661744987359,0.8793637294149822,0.9057183818020265,-0.0033821083672243013,-0.004601836349411479,-0.0022587181729646078,0.9976836820368369
ResNet-50,0.5,0.9365,0.05205769201236765,0.0476400886226429,0.05637254183874317,0.02987910152199258,0.028959928258117062,0.030819690621156786,0.05205769201236717,0.047993294701394344,0.056613423390094904,0.029731700420354643,0.027468519406778056,0.0307100959699511,0.01100000000000001,0.008499999999999952,0.013378125000000022,-0.0008749999999999591,-0.00187499999999996,0.0,0.006833333333333358,0.004666666666666708,0.009000000000000008,-0.0011666666666666492,-0.0020000000000000018,-0.0003333333333332966,0.9025794653404576,0.8881233157366112,0.915185638912898,0.004989090725645351,0.0024477016162359837,0.007589866221847838,0.9831741159757412
ResNet-50,1.0,0.9365,0.022178590490375072,0.01810575702260034,0.026225426164748173,,,,0.02232599159201253,0.01901144964280799,0.026926761049747856,,,,0.011874999999999969,0.00924999999999998,0.014499999999999957,,,,0.008000000000000007,0.005666666666666709,0.010333333333333306,,,,0.8975903746148123,0.8823363415513551,0.9115076990166818,,,,1.0
ResNet-50,2.0,0.9365,-0.23364406299754237,-0.23756254996506965,-0.2297338734243175,-0.25582265348791744,-0.2565785563093745,-0.2550810949636751,0.2339008592863111,0.22996517745495315,0.2378455481560476,0.21157486769429856,0.20328043425707082,0.21862875911219234,0.013000000000000012,0.010249999999999981,0.015499999999999958,0.0011250000000000426,0.0003750000000000142,0.0017500000000000293,0.008000000000000007,0.005833333333333357,0.010499999999999954,0.0,-0.0006666666666665961,0.0008333333333333526,0.8931358593523381,0.8775755809876998,0.9079428456380505,-0.004454515262474201,-0.006172173686281421,-0.0028733139351044155,0.996292505834925
VGG-11,0.5,0.9239,0.05326231595662456,0.04861409181358069,0.05801008495401396,0.04083071122188531,0.0396481692785463,0.04206113128206028,0.053362852648175474,0.04900826522712089,0.05852918326646786,0.03834677260975279,0.0342933772214713,0.04077142559883098,0.013624999999999998,0.010874999999999968,0.016625,-0.0003750000000000142,-0.0011250000000000426,0.0008749999999999591,0.0043333333333333,0.0028333333333333544,0.006000000000000005,-0.0006666666666667043,-0.0014999999999999458,0.0,0.9198883951779002,0.9116316160780141,0.9282465700093282,0.0010436817359535944,-9.267105642802585e-05,0.0022188834403459867,0.9948558906125589
VGG-11,1.0,0.9239,0.012431604734739254,0.00794172016629705,0.017002824328013606,,,,0.015016080038422683,0.012186749946900312,0.019838618108474003,,,,0.014000000000000012,0.011371875000000023,0.016625,,,,0.0050000000000000044,0.0033333333333332993,0.00666666666666671,,,,0.9188447134419466,0.9103430541291974,0.9272864441336766,,,,1.0
VGG-11,2.0,0.9239,-0.21896686940127308,-0.22345834379880292,-0.21426474918669083,-0.23139847413601233,-0.23263198523263637,-0.23024245748955902,0.21896686940127338,0.2144064600488597,0.22348628230001583,0.20395078936285072,0.19505777237106442,0.21069172665745595,0.01475000000000004,0.01199687500000001,0.01737500000000003,0.0007500000000000284,0.0,0.0016281250000000913,0.005166666666666653,0.0033333333333332993,0.006833333333333358,0.0001666666666666483,-0.000500000000000056,0.0006666666666667043,0.9165836874735008,0.9082432634781218,0.9252803176550838,-0.0022610259684457956,-0.003391859160239341,-0.0012254171944101446,0.9940081768480817
VGG-13,0.5,0.9421,0.04181357137162012,0.037536366919333757,0.04576890065965965,0.03594804272752916,0.03476057566841174,0.03709177722885018,0.042286512418399806,0.03824021565577758,0.04661782645551569,0.03119315341398189,0.025785086074220913,0.034654463940502346,0.0063750000000000195,0.00462499999999999,0.008125000000000049,-0.00012499999999993072,-0.0010000000000000009,0.00024999999999997247,0.00216666666666665,0.0010000000000000009,0.0033333333333332993,-0.0006666666666667043,-0.0014999999999999458,0.0,0.9321363235296005,0.9229778165795868,0.9413887757418726,0.0008955482726185071,-0.00019880463864762054,0.0020073711372614873,0.9917275373572754
VGG-13,1.0,0.9421,0.005865528644090956,0.001982154535833841,0.009687390067739861,,,,0.011093359004417916,0.008771833477093623,0.015574607163793166,,,,0.00649999999999995,0.004874999999999963,0.008624999999999994,,,,0.0028333333333333544,0.0014999999999999458,0.004166666666666652,,,,0.931240775256982,0.9216497464049964,0.9406037991903746,,,,1.0
VGG-13,2.0,0.9421,-0.23144096226562472,-0.23520133930891285,-0.22758908840623893,-0.23730649090971567,-0.23831303232825907,-0.23634514981720967,0.2314409622656242,0.22758908840623954,0.2352153400966448,0.22034760326120628,0.21358845360267315,0.22521021517969306,0.007624999999999993,0.005499999999999949,0.009499999999999953,0.0011250000000000426,0.00012500000000003898,0.0016249999999999876,0.0030000000000000027,0.0016666666666667052,0.0043333333333333,0.0001666666666666483,-0.0003333333333332966,0.0006666666666665961,0.929325933556368,0.9193985631366886,0.9390244111810983,-0.0019148417006140672,-0.003237213165339645,-0.0006565451103070609,0.9867689405196893
VGG-16,0.5,0.94,0.047243452532295005,0.042978189773551986,0.05160393399523317,0.03255891950136358,0.031587412899314146,0.03348916704733984,0.047522838886811,0.04360448276774101,0.05212168588415645,0.03229536393295296,0.029375627420736933,0.03328474924941172,0.007249999999999979,0.005371875000000018,0.00924999999999998,-0.00024999999999997247,-0.0010000000000000009,0.00037499999999990595,0.0044999999999999485,0.0028333333333333544,0.006166666666666654,-0.00016666666666675933,-0.0008333333333333526,0.0004999999999999449,0.9190675531914894,0.9067448841354724,0.9297252018490527,0.0008567375886524564,-0.0007503064754679294,0.0027114816004880442,0.9796676714566768
VGG-16,1.0,0.94,0.014684533030931424,0.010876398736634152,0.019103755940530848,,,,0.01522747495385804,0.012720655327205475,0.02008966347678028,,,,0.007499999999999951,0.005624999999999991,0.009624999999999995,,,,0.004666666666666708,0.0030000000000000027,0.00649999999999995,,,,0.9182108156028369,0.9052674093160725,0.9290119843244079,,,,1.0
VGG-16,2.0,0.94,-0.22774588002718865,-0.23159393505532433,-0.22363898497707216,-0.24243041305812008,-0.2431337336978003,-0.2417416154375824,0.2277458800271881,0.22379398977889703,0.23178771443847,0.21251840507333006,0.20384204349588456,0.218866212987473,0.007750000000000035,0.005996875000000005,0.009878124999999965,0.0002500000000000835,-0.00024999999999997247,0.0010000000000000009,0.004666666666666708,0.0030000000000000027,0.00649999999999995,0.0,-0.0010000000000000009,0.0008333333333333526,0.9159945035460992,0.9026295081675684,0.9271083061832893,-0.002216312056737668,-0.004500965827041678,-0.0002697231462672482,0.9680862014968621
VGG-19,0.5,0.9395,0.049509663493332634,0.04488925417324784,0.053794988374783526,0.028889343048205784,0.028060769950433714,0.029764241818552046,0.04980383356870139,0.045565756954511344,0.05457464955649602,0.0285272734703764,0.02647326715162138,0.029698598906941744,0.00924999999999998,0.007249999999999979,0.011750000000000038,-0.0012499999999999734,-0.0021250000000000435,-0.00024999999999997247,0.008000000000000007,0.005666666666666709,0.010333333333333306,0.0001666666666666483,-0.000500000000000056,0.0010000000000000009,0.8969930374429866,0.8807097855358922,0.9122836662612843,0.0014787186783896678,-0.0008986046269753217,0.003982349668866277,0.9674842353628423
VGG-19,1.0,0.9395,0.02062032044512685,0.01624148871011049,0.024817397767111178,,,,0.02127656009832499,0.017703498405389505,0.02587981148205756,,,,0.010499999999999954,0.008125000000000049,0.013000000000000012,,,,0.007833333333333359,0.00566250000000004,0.010000000000000009,,,,0.895514318764597,0.8790753469786705,0.9112307830776919,,,,1.0
VGG-19,2.0,0.9395,-0.22059486132730288,-0.22486851944478164,-0.2163811986105562,-0.24121518177242973,-0.24180734757641245,-0.24057036873383744,0.22059486132730372,0.21655346541606563,0.22495201571606335,0.19931830122897873,0.19080288090071196,0.207284193966998,0.011125000000000052,0.008871874999999968,0.01387499999999997,0.0006250000000000977,0.00024999999999997247,0.001375000000000015,0.008000000000000007,0.005833333333333357,0.010333333333333306,0.0001666666666666483,-0.0008333333333333526,0.0013333333333332975,0.893194639314916,0.8767004863704708,0.9092631967514484,-0.0023196794496809225,-0.005287742572253909,0.000511343068794592,0.9565292215932922
DenseNet-121,0.5,0.9406,0.04866064485595012,0.04431853541645062,0.05284346856873249,0.04331917505331562,0.042360993032778724,0.044248399544007146,0.048798325087072096,0.0449468674420033,0.05331915181828479,0.028623102625081803,0.022337955501374625,0.03430833358571047,0.012624999999999997,0.010249999999999981,0.015000000000000013,-0.0006249999999999867,-0.001375000000000015,0.0002500000000000835,0.010833333333333361,0.008166666666666655,0.013499999999999956,-0.0010000000000000009,-0.0018333333333333535,-0.00016666666666675933,0.8775273108145742,0.8602885702586456,0.8938793058145047,0.007216183380333918,0.00413994196445846,0.010480276015847226,0.9933965693139657
DenseNet-121,1.0,0.9406,0.005341469802634502,0.0013516932412757422,0.009289371360363752,,,,0.020175222461990293,0.016777657119787247,0.024742742342582474,,,,0.013249999999999984,0.010750000000000037,0.015625,,,,0.011833333333333362,0.009000000000000008,0.014666666666666717,,,,0.8703111274342403,0.852381357771812,0.8881977666272313,,,,1.0
DenseNet-121,2.0,0.9406,-0.304846330589605,-0.30886764783190046,-0.3010771361696064,-0.3101878003922395,-0.3107677676757087,-0.3095548882151123,0.3048463305896044,0.301079252351695,0.3088886190141831,0.28467110812761415,0.27860917033774135,0.28926102440293405,0.013624999999999998,0.011249999999999982,0.01649999999999996,0.0003750000000000142,0.0,0.001375000000000015,0.013000000000000012,0.00983333333333336,0.015833333333333366,0.0011666666666666492,0.0,0.0020000000000000018,0.8651841972063108,0.8469045907705465,0.8841558820095353,-0.005126930227929538,-0.007225487375515505,-0.0032703278091894385,0.998269808170698
DenseNet-161,0.5,0.9407,0.050032626353536,0.04558888949877339,0.05450599600019106,0.04159890112411968,0.040752907109574535,0.04247967162429302,0.05060170075787906,0.046503675692491524,0.05534449712439548,0.029596680437520048,0.023996496843777308,0.03591165003328475,0.014000000000000012,0.011375000000000024,0.016625,-0.0008749999999999591,-0.0017500000000000293,-0.00012500000000004174,0.012833333333333363,0.010166666666666657,0.015666666666666718,-0.0010000000000000009,-0.0018333333333333535,-0.0003333333333332966,0.8602624682455442,0.8401721039714849,0.8797475681680685,0.007466364163890016,0.005372634880465221,0.009845906121171968,0.9952804285488043
DenseNet-161,1.0,0.9407,0.008433725229416322,0.004261585609927371,0.012561982008887642,,,,0.02100502032035901,0.017275226852258806,0.025401056774719544,,,,0.014874999999999972,0.012249999999999983,0.01749999999999996,,,,0.013833333333333364,0.011166666666666658,0.017000000000000015,,,,0.8527961040816542,0.8324131509730059,0.8725412523317482,,,,1.0
DenseNet-161,2.0,0.9407,-0.30209749221430393,-0.3061943588266236,-0.297988101636987,-0.31053121744372025,-0.31110909165488076,-0.3099381423745331,0.3020974922143046,0.29805280960431774,0.3062635974946719,0.2810924718939456,0.2755739011325435,0.28649297089695125,0.015125000000000055,0.012496874999999958,0.01775312500000004,0.0002500000000000835,-0.00024999999999997247,0.0007500000000000284,0.014833333333333365,0.011833333333333362,0.018000000000000016,0.0010000000000000009,0.0003333333333332966,0.0018333333333333535,0.8481033194218148,0.8267092043171791,0.8681453937279906,-0.004692784659839355,-0.006413085933414417,-0.0033426827811954643,0.9990048312900484
DenseNet-169,0.5,0.9405,0.04975181599697043,0.045344684673722685,0.05401405515125876,0.042928753073929515,0.0420536817722428,0.04378502056245085,0.05020680674091602,0.04607734915758375,0.05444995400690573,0.02655296256407458,0.02073148387571688,0.03164150562435509,0.01200000000000001,0.009621874999999993,0.014378125000000023,-0.00187499999999996,-0.002875000000000072,-0.0007500000000000284,0.010499999999999954,0.008000000000000007,0.01316666666666666,-0.0011666666666667602,-0.0020041666666666676,0.0,0.8763218205942664,0.8590764834750052,0.8940691875759241,0.009326346168451405,0.006070652388847378,0.01287477020916235,0.9871533268395332
DenseNet-169,1.0,0.9405,0.006823062923040912,0.002764614006469815,0.010943543129781848,,,,0.02365384417684144,0.02028559983291853,0.027877093886221557,,,,0.01387499999999997,0.011249999999999982,0.01637500000000003,,,,0.011666666666666714,0.009000000000000008,0.014333333333333309,,,,0.866995474425815,0.8490140222811402,0.8860264446621985,,,,1.0
DenseNet-169,2.0,0.9405,-0.30476073288517924,-0.3087353007075943,-0.30071435321265516,-0.31158379580822015,-0.3121809778591978,-0.31101257692194434,0.3047607328851792,0.3007275882573585,0.30873591745696505,0.2811068887083377,0.2750251543516881,0.28669598943743235,0.014000000000000012,0.011375000000000024,0.016750000000000043,0.00012500000000004174,-0.00012500000000004174,0.0007531250000000238,0.01316666666666666,0.010333333333333306,0.016166666666666663,0.0014999999999999458,0.000500000000000056,0.002666666666666706,0.8583907183287989,0.8393443883179158,0.8786672585105171,-0.008604756097016164,-0.012061100532780537,-0.005692434937593267,0.9967407040274071
