Method,Corruption,Severity,Accuracy,ECE,AdaptiveTopLabel,ACE_classwise,NLL,Risk@80,Risk@60
Baseline,gaussian_noise,1,0.8552,0.061658897239418475,0.0631835637008288,0.016667075908017182,0.5080951812297866,0.06025,0.021
Temperature Scaling,gaussian_noise,1,0.8552,0.05514826014156391,0.05729740258562852,0.016401460153394824,0.501881171868328,0.06025,0.020666666666666667
Dirichlet,gaussian_noise,1,0.8554,0.058088081159302626,0.05586405655046761,0.01568557483571434,0.5055028341633706,0.06175,0.03133333333333333
Baseline,motion_blur,1,0.8912,0.03784159447227446,0.038294117428285784,0.01078758066553933,0.3851691565894712,0.0355,0.01633333333333333
Temperature Scaling,motion_blur,1,0.8912,0.03235078127731652,0.03410731278780845,0.01067226880780298,0.38192345846829984,0.03575,0.016666666666666666
Dirichlet,motion_blur,1,0.8916,0.02953609298506697,0.0333657119344341,0.008565812208047889,0.36395454812963884,0.03175,0.016
Baseline,brightness,1,0.9248,0.025293025627522142,0.030700041375271058,0.004231694591402652,0.2659400662602366,0.01625,0.008333333333333333
Temperature Scaling,brightness,1,0.9248,0.020749536881849356,0.028844325317514945,0.00441882629873026,0.26494496372631654,0.01625,0.008333333333333333
Dirichlet,brightness,1,0.9254,0.017833112459536428,0.023289611896183022,0.0037223259662860983,0.25412665280685076,0.01725,0.008333333333333333
Baseline,contrast,1,0.9184,0.031254447141266746,0.03336447055586845,0.006127199223725418,0.2993353940217191,0.0185,0.011
Temperature Scaling,contrast,1,0.9184,0.02706068010727981,0.030808843801448608,0.006167372188094241,0.29734651244626836,0.019,0.011
Dirichlet,contrast,1,0.918,0.02381531349376038,0.03195951655325122,0.004928265199378185,0.2816538463018248,0.01675,0.009333333333333334
Baseline,pixelate,1,0.9174,0.026009961282488527,0.03066133368032555,0.00524181036170243,0.30164483556680677,0.02225,0.012
Temperature Scaling,pixelate,1,0.9174,0.020386724380238957,0.02878315947421254,0.005362398974807271,0.2999530766826288,0.02225,0.012
Dirichlet,pixelate,1,0.9172,0.019641607385705775,0.026437560159631942,0.0041064527611849285,0.28646638193339946,0.0225,0.009333333333333334
Baseline,gaussian_noise,2,0.7078,0.1563758559757255,0.1563758559757255,0.03960877188478518,1.1054951450115067,0.21275,0.13566666666666666
Temperature Scaling,gaussian_noise,2,0.7078,0.14783049346871122,0.1478304934687112,0.03868268900873905,1.0839009632137644,0.2125,0.136
Dirichlet,gaussian_noise,2,0.7062,0.15563621010239753,0.15563621010239753,0.039554032362872096,1.139114890634959,0.221,0.14933333333333335
Baseline,motion_blur,2,0.8358,0.07302500492111004,0.07155959682531512,0.018432568277589136,0.5909104083392606,0.08025,0.035666666666666666
Temperature Scaling,motion_blur,2,0.8358,0.06697981127760667,0.06554319996029302,0.01799609720333947,0.5826886295621807,0.0805,0.036
Dirichlet,motion_blur,2,0.8364,0.06265492941510988,0.0638190022648247,0.016360709419297657,0.560787997060233,0.075,0.029
Baseline,brightness,2,0.9196,0.02564178855547503,0.030230547848054817,0.0047897763821493095,0.28115199362972026,0.016,0.011
Temperature Scaling,brightness,2,0.9196,0.02017319748600201,0.02791221591923604,0.0050031725375815975,0.27986716264709055,0.016,0.011
Dirichlet,brightness,2,0.9192,0.020155814559858622,0.02700930019216791,0.004000001301534218,0.2681231486170889,0.01725,0.008666666666666666
Baseline,contrast,2,0.865,0.05865576804844412,0.056617941188849344,0.01417186062081304,0.49475929368239197,0.0595,0.027
Temperature Scaling,contrast,2,0.865,0.0536132944868271,0.05117487304822032,0.014010668307026582,0.4885046587085816,0.05975,0.027
Dirichlet,contrast,2,0.867,0.0503892799231787,0.04753230136401663,0.012294986166731116,0.4608461500268242,0.05675,0.02033333333333333
Baseline,pixelate,2,0.903,0.03007511754299167,0.03410143244141827,0.007545249963959792,0.3375938601635993,0.028,0.014
Temperature Scaling,pixelate,2,0.903,0.024258206386529816,0.031026255746799073,0.007659018758910469,0.3355945073006648,0.02775,0.014
Dirichlet,pixelate,2,0.9064,0.02136205857708661,0.023852220678465777,0.006475214675500256,0.32027122526052587,0.02725,0.013666666666666667
Baseline,gaussian_noise,3,0.5212,0.29611507262613573,0.29611507262613573,0.0693179035733731,1.8826200299738336,0.41925,0.351
Temperature Scaling,gaussian_noise,3,0.5212,0.28591487512054636,0.28591487512054636,0.06793948418703157,1.8385548279464914,0.4185,0.351
Dirichlet,gaussian_noise,3,0.5122,0.30851356038195843,0.3084186525323734,0.07126351042999299,1.9887856667482071,0.42975,0.36733333333333335
Baseline,motion_blur,3,0.7614,0.12171602296188883,0.12019906833330714,0.029851667689634653,0.885465497833251,0.1605,0.08366666666666667
Temperature Scaling,motion_blur,3,0.7614,0.11337035500643172,0.11238571004879229,0.02904224877581558,0.8695780588820897,0.16075,0.08366666666666667
Dirichlet,motion_blur,3,0.7648,0.10509720937943942,0.10509720937943935,0.0275627640663606,0.8485778297725277,0.15425,0.07433333333333333
Baseline,brightness,3,0.9124,0.029373883097030127,0.033966853596843184,0.00537347475583424,0.3033220478947161,0.0205,0.011666666666666667
Temperature Scaling,brightness,3,0.9124,0.024155904051619995,0.031092567355828035,0.005508812554601295,0.3016535322340929,0.0205,0.011666666666666667
Dirichlet,brightness,3,0.9124,0.02309472272024697,0.027699095675202817,0.004394275093868711,0.2889329460211432,0.0185,0.011
Baseline,contrast,3,0.7926,0.100671438046846,0.09892722385087098,0.0254561003656696,0.7542957706837715,0.11875,0.06833333333333333
Temperature Scaling,contrast,3,0.7926,0.09312122910249061,0.09153519400923087,0.0250083019151205,0.7420548735317172,0.1185,0.06866666666666667
Dirichlet,contrast,3,0.7932,0.0890138400708757,0.08901183598129113,0.023230984748591872,0.7088230897818275,0.115,0.05433333333333333
Baseline,pixelate,3,0.8898,0.040115169366184554,0.040907806484483535,0.00963542123871349,0.388061595266839,0.03575,0.015
Temperature Scaling,pixelate,3,0.8898,0.03403392340070828,0.0359518840929491,0.009581217386316792,0.3848530907782915,0.03575,0.015
Dirichlet,pixelate,3,0.8914,0.03128921715890497,0.03390129832910635,0.008306263786295155,0.3681378543845805,0.035,0.016
Baseline,gaussian_noise,4,0.4362,0.36503454876361874,0.36503454876361874,0.08461715876284204,2.2929270651465843,0.52175,0.4666666666666667
Temperature Scaling,gaussian_noise,4,0.4362,0.3542314958961578,0.3542314958961578,0.08299614253292016,2.236051313635037,0.5215,0.4673333333333333
Dirichlet,gaussian_noise,4,0.4238,0.3853040775129655,0.38503600298773993,0.0873781616118061,2.449877862908566,0.53525,0.48733333333333334
Baseline,motion_blur,4,0.7586,0.12530544191512136,0.1253054419151215,0.030105958846949808,0.8854975577581947,0.16425,0.08566666666666667
Temperature Scaling,motion_blur,4,0.7586,0.11748789363267614,0.1174878936326762,0.0291499062648646,0.8694422697320504,0.164,0.086
Dirichlet,motion_blur,4,0.7644,0.10839510571783477,0.10839457085561072,0.027499972970167857,0.8456926259653009,0.1565,0.074
Baseline,brightness,4,0.9024,0.034927009342825485,0.035554046012866235,0.006295433540413849,0.3365511364443701,0.02375,0.014333333333333333
Temperature Scaling,brightness,4,0.9024,0.029321457160121293,0.03205382674944385,0.006221600348179076,0.33421706502256265,0.02375,0.014666666666666666
Dirichlet,brightness,4,0.9008,0.028818363240776218,0.03381946005061096,0.005385180878942865,0.3200002132757313,0.02325,0.014
Baseline,contrast,4,0.6124,0.2277186720546864,0.22771867205468632,0.052237193897624004,1.4513036417013283,0.3185,0.23366666666666666
Temperature Scaling,contrast,4,0.6124,0.21843274915638428,0.21843274915638433,0.051061451838825975,1.4198655797943402,0.31875,0.23366666666666666
Dirichlet,contrast,4,0.6206,0.20402952447013017,0.20402952447013023,0.04897145443893632,1.3807513736170633,0.30825,0.21733333333333332
Baseline,pixelate,4,0.8312,0.07448254306328361,0.07367119931744433,0.020276589634766775,0.6083763720015233,0.08375,0.036333333333333336
Temperature Scaling,pixelate,4,0.8312,0.06817130139695068,0.06669538770131882,0.019875793412487894,0.5999479067258556,0.084,0.03666666666666667
Dirichlet,pixelate,4,0.8332,0.0657344085724474,0.0657344085724474,0.01826774518755189,0.570829819976082,0.083,0.036333333333333336
Baseline,gaussian_noise,5,0.3662,0.4296455461986542,0.4295054452940012,0.09746688981161543,2.6388690511239488,0.6045,0.5613333333333334
Temperature Scaling,gaussian_noise,5,0.3662,0.4188327527909634,0.41847481101640305,0.09585005644876617,2.570288800171411,0.604,0.5616666666666666
Dirichlet,gaussian_noise,5,0.361,0.4461330402698843,0.44527023801930277,0.10131787270755442,2.8602560553748133,0.61325,0.5823333333333334
Baseline,motion_blur,5,0.687,0.17161137001245585,0.17150783616274276,0.0411101961640356,1.166683559600866,0.23625,0.152
Temperature Scaling,motion_blur,5,0.687,0.16293928479860084,0.16293928479860068,0.04022021534163573,1.1432485872815445,0.23625,0.15166666666666667
Dirichlet,motion_blur,5,0.6918,0.1545918823058693,0.15358899357728437,0.037915929854821534,1.1235532533349286,0.23025,0.13866666666666666
Baseline,brightness,5,0.8744,0.05167184745018803,0.05178901123092874,0.010559922552272361,0.44923703855760205,0.04725,0.019333333333333334
Temperature Scaling,brightness,5,0.8744,0.045325386617173634,0.046462544697840634,0.010359634744522044,0.4441438473393872,0.04725,0.019666666666666666
Dirichlet,brightness,5,0.875,0.04432602370503752,0.04622621497897537,0.008502911555675159,0.4240902878447534,0.044,0.018666666666666668
Baseline,contrast,5,0.1972,0.6373556999375913,0.6373556999375916,0.1333695059265333,3.7996443729463767,0.795,0.7853333333333333
Temperature Scaling,contrast,5,0.1972,0.6266389072748373,0.6266389072748374,0.131450611885864,3.68599286813557,0.795,0.7853333333333333
Dirichlet,contrast,5,0.2012,0.6003425100379172,0.6003425100379173,0.12688736916550486,3.6532417762084997,0.79075,0.7763333333333333
Baseline,pixelate,5,0.691,0.17905914288886618,0.1790591428888663,0.044558198214153376,1.2018393445544286,0.2305,0.14666666666666667
Temperature Scaling,pixelate,5,0.691,0.1708857688019117,0.1707569278324862,0.043794265011877095,1.1761657754573394,0.2305,0.14666666666666667
Dirichlet,pixelate,5,0.696,0.16849526764001244,0.16838117172740855,0.041920380945769255,1.132125633489706,0.22675,0.143
