Corruption,Severity,Accuracy,ECE,AdaptiveTopLabel,ACE_classwise,NLL,Risk@80,Risk@60
gaussian_noise,1,0.8574,0.06050343900661007,0.06088260421114146,0.01630959507476911,0.5034187726984687,0.058125,0.019833333333333335
gaussian_noise,2,0.7129,0.1555103705405365,0.15538875217114465,0.03847392131951671,1.089033257265582,0.2075,0.13016666666666668
gaussian_noise,3,0.5286,0.2891224231020113,0.2891224231020112,0.0679617731821563,1.839242844467982,0.409,0.3395
gaussian_noise,4,0.44,0.36200846228238975,0.36200846228238964,0.08404901829495091,2.2515220146081614,0.513375,0.45816666666666667
gaussian_noise,5,0.3687,0.4251329595862394,0.42513295958623937,0.09633826045748953,2.611076828705756,0.599125,0.5553333333333333
motion_blur,1,0.892,0.03817439547965509,0.03851846364840657,0.00975442070844949,0.3745779376865856,0.032,0.014333333333333333
motion_blur,2,0.8372,0.07238453868697596,0.07130894287245279,0.01784578976950802,0.5828006775996996,0.077625,0.03216666666666667
motion_blur,3,0.7633,0.12014661281000155,0.11908185591856754,0.028735388866414434,0.8652804470342788,0.15475,0.0795
motion_blur,4,0.762,0.12286764856811017,0.12286764856811005,0.029119838862538317,0.8694134281284547,0.156375,0.07766666666666666
motion_blur,5,0.6917,0.16783396798376904,0.1676218603508568,0.04101233865477328,1.1624632283276954,0.233875,0.15383333333333332
brightness,1,0.9277,0.021419997398870454,0.02640316851034469,0.0036836194295331694,0.25828288352502304,0.014375,0.008166666666666666
brightness,2,0.9233,0.023500066718579737,0.029125928934427066,0.004385736737420372,0.2750105270788688,0.01625,0.008833333333333334
brightness,3,0.9159,0.027932405077915654,0.03203909130530817,0.0051890250449484355,0.29910722517496185,0.019625,0.009666666666666667
brightness,4,0.9052,0.03420692032139547,0.036152546983465844,0.006276238907339057,0.3310464465410654,0.023375,0.011833333333333333
brightness,5,0.8798,0.04856352292013541,0.04856084639478783,0.010213846530123926,0.43339958360074127,0.04425,0.018333333333333333
contrast,1,0.9198,0.02749817038942707,0.03232886081609003,0.005695379088571036,0.2874855541510183,0.017,0.009166666666666667
contrast,2,0.8666,0.055337281444515385,0.05559403442391037,0.013988991523678612,0.47828662349241957,0.055125,0.022166666666666668
contrast,3,0.7916,0.10109496186000162,0.10032308614533814,0.02526244204258867,0.746197780469408,0.120125,0.060333333333333336
contrast,4,0.613,0.22875354110033175,0.22875354110033183,0.052409577338019306,1.4516470783722593,0.31675,0.234
contrast,5,0.1977,0.6354380898272445,0.6354380898272444,0.13273178301707894,3.7992254826766994,0.795,0.7833333333333333
pixelate,1,0.9192,0.025284860448939406,0.027998226075195837,0.004663116759338326,0.29435328272463684,0.0205,0.011166666666666667
pixelate,2,0.9042,0.030713628726801938,0.03290118942166855,0.0072974619742804114,0.3389413747130559,0.025875,0.013
pixelate,3,0.8906,0.03837699589254223,0.039826906010536255,0.009567503100993035,0.3872117168701718,0.034875,0.014666666666666666
pixelate,4,0.8312,0.07559803473385543,0.07559803473385544,0.020182816971991584,0.6111022088990922,0.08325,0.035
pixelate,5,0.6934,0.17602279502920243,0.17602279502920243,0.04404314784689234,1.1888027403520227,0.226375,0.1445
