Method,Severity,Accuracy,ECE,AdaptiveTopLabel,ACE_classwise,NLL,Risk@80,Risk@60
Baseline,1,0.9014,0.03641158515259407,0.039240705348115926,0.008611072150077403,0.35203692673360404,0.03055,0.013733333333333334
Baseline,2,0.8462400000000001,0.06875470700874928,0.06977707485587262,0.01690964542585929,0.5619821401652958,0.07930000000000001,0.04466666666666667
Baseline,3,0.77548,0.11759831721961704,0.11802320497832812,0.027926913524645013,0.8427529883304823,0.15095,0.10593333333333332
Baseline,4,0.70816,0.16549364302790712,0.1654567816127474,0.038706466936519295,1.1149311546104002,0.22240000000000001,0.16733333333333333
Baseline,5,0.5631600000000001,0.29386872129755115,0.2938434271028261,0.06541294253372201,1.8512546733566446,0.3827,0.33293333333333336
Dirichlet,1,0.90152,0.029782841496674435,0.034183291418793574,0.007401686194122288,0.3383408526670169,0.03,0.014866666666666667
Dirichlet,2,0.84704,0.062039658515526265,0.0635698069203745,0.01573698878518707,0.5498286823199262,0.07944999999999999,0.0442
Dirichlet,3,0.7748,0.11140170994228508,0.1128256183794826,0.026951559625021864,0.8406514773416571,0.15050000000000002,0.1046
Dirichlet,4,0.7085600000000001,0.1584562959028308,0.15940279338730784,0.03750050301748101,1.1134303791485487,0.22125,0.1658
Dirichlet,5,0.5650000000000001,0.28277774479174417,0.2827618256681777,0.06330889284586505,1.83865340125054,0.38099999999999995,0.3318
Temperature Scaling,1,0.9014,0.031139196557649712,0.03596820879332262,0.008604465284565915,0.34920983663836835,0.030699999999999998,0.013733333333333334
Temperature Scaling,2,0.8462400000000001,0.06257100062113537,0.06469740762865192,0.016670329163119436,0.5541111842864563,0.07930000000000001,0.0448
Temperature Scaling,3,0.77548,0.11011925733635938,0.11137604612546934,0.02741601296377715,0.8273388766745364,0.1508,0.10600000000000001
Temperature Scaling,4,0.70816,0.15752897944845806,0.15778027062719618,0.03786097887945554,1.0919048269819691,0.2224,0.16766666666666666
Temperature Scaling,5,0.5631600000000001,0.2849244200566974,0.2850544951240336,0.06433495668653301,1.8039679756770504,0.3826,0.333
